Symbol,Series,Date,Prev Close,Open Price,High Price,Low Price,Last Price,Close Price,Average Price,Total Traded Quantity,Turnover,No. of Trades,Deliverable Qty,% Dly Qt to Traded Qty
MINDTREE,EQ,15-May-17,510.6,507.35,515,505.9,510.5,509.45,510.39,271952,138800509.8,8261,100362,36.9
MINDTREE,EQ,16-May-17,509.45,507,515.85,506,511,511.3,512.69,207011,106131728.2,5550,82090,39.65
MINDTREE,EQ,17-May-17,511.3,507.05,519.7,502.75,504,506.35,512.1,391401,200437504.6,13341,150098,38.35
MINDTREE,EQ,18-May-17,506.35,502,516.75,486,487.5,492.9,505.6,852336,430937717.1,18513,170919,20.05
MINDTREE,EQ,19-May-17,492.9,491.95,502.95,489.5,495.15,497.5,496.43,352273,174878151.5,8326,57853,16.42
MINDTREE,EQ,22-May-17,497.5,499.95,511.85,497.1,501.55,502.35,504.78,399974,201899898.4,9779,107089,26.77
MINDTREE,EQ,23-May-17,502.35,504,507.45,491,498,501.15,498.72,452893,225866353.7,8567,198703,43.87
MINDTREE,EQ,24-May-17,501.15,502,515,494.05,511.95,509.95,506.72,823967,417521056.9,15083,351179,42.62
MINDTREE,EQ,25-May-17,509.95,513.7,549.5,508.45,542.5,543.9,532.14,1632427,868682873,25072,693340,42.47
MINDTREE,EQ,26-May-17,543.9,540,544,532,533.45,535.2,537.15,461613,247953805.9,12606,113087,24.5
MINDTREE,EQ,29-May-17,535.2,532.5,552.05,521.6,529.15,530.55,535.83,718355,384914121.1,19256,173854,24.2
MINDTREE,EQ,30-May-17,530.55,530.55,540,524,535.6,537.4,535.4,475566,254620399.3,11648,186388,39.19
MINDTREE,EQ,31-May-17,537.4,540,549.8,534.5,546.05,543.95,543.99,617800,336076783.5,18504,234480,37.95
MINDTREE,EQ,01-Jun-17,543.95,545.05,549,535,538,537.4,540.08,504801,272634250.6,18409,182246,36.1
MINDTREE,EQ,02-Jun-17,537.4,537.8,543.8,533.1,539.9,539.9,539.28,312022,168268100.8,6951,139538,44.72
MINDTREE,EQ,05-Jun-17,539.9,540,560,536.3,555.85,557.45,552.59,960839,530948103.9,34305,367704,38.27
MINDTREE,EQ,06-Jun-17,557.45,560,565.9,544.4,546,546.7,557.59,931646,519479225.9,28291,241092,25.88
MINDTREE,EQ,07-Jun-17,546.7,549.5,556.1,513.55,534.9,536.9,534.96,957153,512035924.2,18469,250862,26.21
MINDTREE,EQ,08-Jun-17,536.9,538.5,546.35,528,542.8,543.5,539.33,459527,247838052.8,9138,138735,30.19
MINDTREE,EQ,09-Jun-17,543.5,542,542.75,534.15,537.05,538.75,538.62,229279,123494625.6,7087,87478,38.15
MINDTREE,EQ,12-Jun-17,538.75,536.1,544.55,528.05,539,539.8,538.19,379066,204010845.4,9623,98241,25.92
MINDTREE,EQ,13-Jun-17,539.8,540.9,542.35,530.2,532,531.8,536.98,320855,172291145,12246,97230,30.3
MINDTREE,EQ,14-Jun-17,531.8,531.7,536.75,516.45,523.5,523.3,523.37,671432,351407049.7,9066,317335,47.26
MINDTREE,EQ,15-Jun-17,523.3,521.05,523.75,515.05,515.65,517.85,520.28,210643,109592788.9,5216,66819,31.72
MINDTREE,EQ,16-Jun-17,517.85,518.05,525.45,511.15,514.9,514.95,518.36,385256,199702494.7,6706,116377,30.21
MINDTREE,EQ,19-Jun-17,514.95,518.7,520.45,511.6,515.2,515.9,516.15,188878,97488450.9,4159,31231,16.54
MINDTREE,EQ,20-Jun-17,515.9,516,525,516,519.05,519.75,520.97,442425,230490111.3,11450,226523,51.2
MINDTREE,EQ,21-Jun-17,519.75,517.85,524,515.05,519.9,519.6,520.65,414457,215787296.9,14034,188443,45.47
MINDTREE,EQ,22-Jun-17,519.6,520,530.85,518.25,521.05,521,525.4,403163,211820055.2,7914,95596,23.71
MINDTREE,EQ,23-Jun-17,521,531.95,537.5,525,532,532,531.87,1238632,658793281.9,22835,220177,17.78
MINDTREE,EQ,27-Jun-17,532,537,540,516.05,526.05,526.65,528.98,699296,369910443.5,15285,221803,31.72
MINDTREE,EQ,28-Jun-17,526.65,525,534,520.55,529.95,531.1,529.33,336692,178221369.5,7826,73242,21.75
MINDTREE,EQ,29-Jun-17,531.1,548.7,548.7,525.3,527,528.7,533.11,2877419,1533985314,37587,1395145,48.49
MINDTREE,EQ,30-Jun-17,528.7,529.1,532,523,530.9,529,527.44,470377,248097623.9,7901,245563,52.21
MINDTREE,EQ,03-Jul-17,529,530.9,534,525.1,529,529.05,528.71,823697,435494658.6,17213,486031,59.01
MINDTREE,EQ,04-Jul-17,529.05,535,535.95,529.05,535,534.4,532.27,912799,485857728.3,28323,597937,65.51
MINDTREE,EQ,05-Jul-17,534.4,535,545.7,535,543,541.8,540.49,1592847,860913064.2,32898,980114,61.53
MINDTREE,EQ,06-Jul-17,541.8,542,546.6,539.6,545.9,544.8,542.96,820255,445366595.1,13739,498293,60.75
MINDTREE,EQ,07-Jul-17,544.8,544.9,548.8,538.05,540.7,539.15,543.07,1034523,561821559.7,17271,693438,67.03
MINDTREE,EQ,10-Jul-17,539.15,539,539,518.9,529.1,529.65,530.06,81549,43225589.8,1502,47018,57.66
MINDTREE,EQ,11-Jul-17,529.65,530.5,531.5,523.4,524.5,524.7,527.49,499551,263505935.5,9874,250482,50.14
MINDTREE,EQ,12-Jul-17,524.7,523,525.9,513.15,514,514.3,518.34,609499,315924801.5,9131,367221,60.25
MINDTREE,EQ,13-Jul-17,514.3,516.85,520,510.1,513.95,513.75,515.39,429212,221209563.4,11816,203188,47.34
MINDTREE,EQ,14-Jul-17,513.75,513.75,518.8,510.55,514,514.95,514.91,692155,356397821.2,12260,394280,56.96
MINDTREE,EQ,17-Jul-17,514.95,515.9,520.35,512.15,514.25,514,517.04,819291,423604106.6,7607,495508,60.48
MINDTREE,EQ,18-Jul-17,514,516.9,516.9,506,507.15,508.4,510.12,462809,236088183.5,12582,157642,34.06
MINDTREE,EQ,19-Jul-17,508.4,511.75,520,505.25,506.05,506.65,511,1084370,554107922.7,15183,251332,23.18
MINDTREE,EQ,20-Jul-17,506.65,485,500,482.5,484.65,484.3,489.92,2193659,1074726917,33883,564402,25.73
MINDTREE,EQ,21-Jul-17,484.3,486.9,487.7,478.75,484.9,484.25,482.52,783117,377868220.4,14024,308124,39.35
MINDTREE,EQ,24-Jul-17,484.25,485,489.9,482.1,483.5,483.55,485.61,291492,141550963.4,11053,101811,34.93
MINDTREE,EQ,25-Jul-17,483.55,485.6,485.6,475,481.95,481.85,480.58,357817,171961482.9,12055,91149,25.47
MINDTREE,EQ,26-Jul-17,481.85,481.9,484.3,479.1,480,480.2,481.03,224292,107890090.7,5630,84660,37.75
MINDTREE,EQ,27-Jul-17,480.2,480.2,485.15,479,483.15,481.8,482.8,462695,223390930.3,12081,211090,45.62
MINDTREE,EQ,28-Jul-17,481.8,483.15,483.15,476.75,479,479.5,478.9,118353,56679006.05,3282,42691,36.07
MINDTREE,EQ,31-Jul-17,479.5,481.85,483.9,476.05,476.2,477.45,479.22,150644,72191931.1,3948,59542,39.52
MINDTREE,EQ,01-Aug-17,477.45,477.35,479.2,469.45,472.35,472.6,474.85,371419,176368459.9,13465,183546,49.42
MINDTREE,EQ,02-Aug-17,472.6,474,476.45,470,474,473.3,473.94,188148,89170151.1,9400,104624,55.61
MINDTREE,EQ,03-Aug-17,473.3,470.05,473.25,461.5,462.95,465.9,467.1,215576,100695910.1,8860,104754,48.59
MINDTREE,EQ,04-Aug-17,465.9,464.8,473.25,461.75,472.2,471.05,467.36,439102,205217474.7,7820,259684,59.14
MINDTREE,EQ,07-Aug-17,471.05,471,485.35,468.1,484,483.2,479.88,357082,171355877.1,7136,201284,56.37
MINDTREE,EQ,08-Aug-17,483.2,482,483.35,468.9,471.5,473.65,474.53,275869,130907105.2,6067,75851,27.5
MINDTREE,EQ,09-Aug-17,473.65,474.6,474.6,461.25,462,464.35,469.65,140954,66199261.05,6148,46116,32.72
MINDTREE,EQ,10-Aug-17,464.35,461.7,465.65,442.45,453.95,451.3,456.27,220211,100476761.4,6685,70490,32.01
MINDTREE,EQ,11-Aug-17,451.3,450,461.2,440.6,455.05,457.15,454.54,238168,108257618.2,6132,85229,35.79
MINDTREE,EQ,14-Aug-17,457.15,459,469,459,465.2,467.25,463.68,160503,74421797.1,5427,71505,44.55
MINDTREE,EQ,16-Aug-17,467.25,469.1,470,461.5,468.05,468,464.89,123268,57306655.3,3741,46484,37.71
MINDTREE,EQ,17-Aug-17,468,468.1,480,468.05,475.55,475.7,475.66,222738,105947662.2,4825,45223,20.3
MINDTREE,EQ,18-Aug-17,475.7,475.7,479.9,462.5,467,466.2,468.33,257169,120440442.6,8192,58677,22.82
MINDTREE,EQ,21-Aug-17,466.2,467.95,472.05,460.1,461.5,461.4,465.77,103305,48116370.9,2630,33927,32.84
MINDTREE,EQ,22-Aug-17,461.4,461.5,463,451.4,453.6,453.95,455.8,241643,110139867.4,8831,86413,35.76
MINDTREE,EQ,23-Aug-17,453.95,455.25,464.1,453,462.95,460.9,458.58,232458,106601737.3,6723,90872,39.09
MINDTREE,EQ,24-Aug-17,460.9,459.35,469.1,459.35,468.75,468.2,465.46,85512,39802754.8,3449,25253,29.53
MINDTREE,EQ,28-Aug-17,468.2,468.6,480.6,468.6,478,478,476.51,367103,174927010.3,10203,127147,34.64
MINDTREE,EQ,29-Aug-17,478,477,478,466.9,467.3,472.1,473.96,310572,147198333.6,8892,106038,34.14
MINDTREE,EQ,30-Aug-17,472.1,473,476,459,462.9,462.1,467.09,310351,144961187.6,11186,55355,17.84
MINDTREE,EQ,31-Aug-17,462.1,461,470.75,458.05,459.15,461,463.73,437018,202658911.6,13475,124571,28.5
MINDTREE,EQ,01-Sep-17,461,463.3,466.6,459.3,460,460.85,462.28,219330,101392621.4,7141,43567,19.86
MINDTREE,EQ,04-Sep-17,460.85,461.7,463.95,452.6,454.1,454.9,457.36,141380,64662131.5,4005,55140,39
MINDTREE,EQ,05-Sep-17,454.9,456,458.8,450.25,453.1,455.1,455.05,213952,97358609.9,7826,50908,23.79
MINDTREE,EQ,06-Sep-17,455.1,451,454,449.65,450,450.6,451.19,196333,88584444.75,5210,34604,17.63
MINDTREE,EQ,07-Sep-17,450.6,450.9,455,443.9,445.25,445.25,447.89,262010,117352751.5,7729,77154,29.45
MINDTREE,EQ,08-Sep-17,445.25,444.95,456.5,439.05,441.4,442.85,447.05,818456,365891370.4,14696,320505,39.16
MINDTREE,EQ,11-Sep-17,442.85,443,451.45,443,447.45,446.6,447.01,706177,315670672.7,11885,317694,44.99
MINDTREE,EQ,12-Sep-17,446.6,445.6,448.75,439.55,442,442.5,442.24,628471,277933150.2,13331,409324,65.13
MINDTREE,EQ,13-Sep-17,442.5,443,449.25,443,445.5,444.25,445.75,365175,162777145,6995,155660,42.63
MINDTREE,EQ,14-Sep-17,444.25,447.5,463.7,444.75,463.65,462.55,456.6,995789,454674540.8,16333,293512,29.48
MINDTREE,EQ,15-Sep-17,462.55,463.9,469.8,461.2,466,465.05,465.23,704455,327732918.7,16086,300556,42.67
MINDTREE,EQ,18-Sep-17,465.05,467.9,474.6,466.5,471.95,472.95,470.75,451015,212315376,8676,219196,48.6
MINDTREE,EQ,19-Sep-17,472.95,473.45,475,467,473.45,473.45,471.06,234782,110595850,5925,116627,49.67
MINDTREE,EQ,20-Sep-17,473.45,474.95,477.4,461.55,464.3,464.3,467.46,432822,202325973.8,6998,260121,60.1
MINDTREE,EQ,21-Sep-17,464.3,465.1,469.3,453.5,463.55,462.5,459.5,613293,281810595.7,17257,285510,46.55
MINDTREE,EQ,22-Sep-17,462.5,461.75,471.85,459.35,464.8,464.2,465.86,365550,170293818.9,17063,120620,33
MINDTREE,EQ,25-Sep-17,464.2,460,468.6,451.1,463.05,465.05,460.21,516584,237737797.7,19176,226350,43.82
MINDTREE,EQ,26-Sep-17,465.05,464.9,472,460.05,469.9,471.1,468.08,251415,117682886.6,7329,93838,37.32
MINDTREE,EQ,27-Sep-17,471.1,467.45,474.95,456.4,461,458.8,464.2,414942,192616562.6,17658,233309,56.23
MINDTREE,EQ,28-Sep-17,458.8,460.9,466.05,452.05,460,461.9,461.73,954583,440757745.7,22923,675697,70.78
MINDTREE,EQ,29-Sep-17,461.9,464.5,467.75,460.5,464.6,464.85,464.19,246685,114507844.3,16372,133805,54.24
MINDTREE,EQ,03-Oct-17,464.85,465,482.05,465,480.05,479.2,478.36,518751,248150321.8,10480,139459,26.88
MINDTREE,EQ,04-Oct-17,479.2,483,485.55,478.35,480.1,480.2,481.9,263337,126901599.9,6831,57447,21.82
MINDTREE,EQ,05-Oct-17,480.2,484,485.9,472.65,479.05,478.35,480.28,338782,162711831.1,8478,86651,25.58
MINDTREE,EQ,06-Oct-17,478.35,477.8,483.85,475.6,480.3,480.05,480.4,356652,171334569.7,10977,80703,22.63
MINDTREE,EQ,09-Oct-17,480.05,482,485,474.2,477.6,479.65,479.89,302548,145188563.2,5576,140925,46.58
MINDTREE,EQ,10-Oct-17,479.65,479.7,491.8,479.65,490.35,490.3,488.09,572305,279337719.5,11364,170252,29.75
MINDTREE,EQ,11-Oct-17,490.3,490.35,495.5,477.35,484.05,486.3,486.71,691937,336769895.4,12000,327232,47.29
MINDTREE,EQ,12-Oct-17,486.3,484.1,495.8,477.05,485,483.35,487.02,1094199,532902162.6,12647,412007,37.65
MINDTREE,EQ,13-Oct-17,483.35,485,486.4,480.85,485,484.55,483.95,264025,127775009.8,7932,152670,57.82
MINDTREE,EQ,16-Oct-17,484.55,485.8,498.45,480.95,494.25,494.25,490.22,762619,373848460.7,13040,315943,41.43
MINDTREE,EQ,17-Oct-17,494.25,494,506.75,493.9,504.45,504.35,503.33,1020796,513795865.3,21305,404395,39.62
MINDTREE,EQ,18-Oct-17,504.35,503,507.9,496.85,501.5,502.1,502.5,288536,144990302.4,5105,134591,46.65
MINDTREE,EQ,19-Oct-17,502.1,500,501.8,495.15,496,497.35,497.97,46300,23055826.3,1655,16934,36.57
MINDTREE,EQ,23-Oct-17,497.35,494.2,507.75,494.2,504.9,502.95,501.36,403071,202084143.8,12794,183393,45.5
MINDTREE,EQ,24-Oct-17,502.95,504.8,514.85,500,502.35,502.8,508.31,418949,212957017,14511,182138,43.47
MINDTREE,EQ,25-Oct-17,502.8,503.5,510,502.05,506.95,507.15,506.83,453677,229938267.3,17575,195093,43
MINDTREE,EQ,26-Oct-17,507.15,505.7,505.9,482.1,484.9,486.5,487.64,1729223,843243833.4,21851,998456,57.74
MINDTREE,EQ,27-Oct-17,486.5,486,490.55,472,473.8,476.35,484.89,837203,405949000.1,9112,587607,70.19
MINDTREE,EQ,30-Oct-17,476.35,475.75,485.55,475.25,479,479.55,481.01,281664,135484084.9,10876,98869,35.1
MINDTREE,EQ,31-Oct-17,479.55,479.55,483.3,473.45,480.05,479.65,477.02,368425,175747285.9,7137,211940,57.53
MINDTREE,EQ,01-Nov-17,479.65,483.3,484,471,473.1,474.75,476.51,328658,156610035,12038,198973,60.54
MINDTREE,EQ,02-Nov-17,474.75,471.7,475.1,469.1,473.6,473.85,471.94,288705,136251853.2,8616,137313,47.56
MINDTREE,EQ,03-Nov-17,473.85,474.95,490,473,489,480.95,478.76,375817,179925803.2,9089,228558,60.82
MINDTREE,EQ,06-Nov-17,480.95,485,489,481.65,485.1,486.8,485.61,210264,102106946.4,4726,103710,49.32
MINDTREE,EQ,07-Nov-17,486.8,487.9,504.8,479.4,486,484.55,493.38,1395626,688578627.5,22459,402008,28.8
MINDTREE,EQ,08-Nov-17,484.55,486,498.3,486,496,493.35,493.66,552329,272663784.5,11321,188325,34.1
MINDTREE,EQ,09-Nov-17,493.35,498,499,486.25,494.3,493.75,492.76,300417,148034291,7196,118829,39.55
MINDTREE,EQ,10-Nov-17,493.75,489.05,502.8,489.05,493.1,494.25,497.14,359259,178603199.7,8447,116285,32.37
MINDTREE,EQ,13-Nov-17,494.25,493.1,509.45,492.4,509,507.6,503.94,671685,338486326,14888,253963,37.81
MINDTREE,EQ,14-Nov-17,507.6,511,514,495.25,497.25,497.5,505.77,648526,328006520.1,19228,193044,29.77
MINDTREE,EQ,15-Nov-17,497.5,497.5,504,490,495.05,492.25,496.88,387896,192735993.5,9894,128075,33.02
MINDTREE,EQ,16-Nov-17,492.25,491.3,512,490.45,510.7,510.8,504.17,640819,323084849.1,16093,252008,39.33
MINDTREE,EQ,17-Nov-17,510.8,515,519.95,506.7,516.45,516.45,514.29,913262,469681126.6,20067,436779,47.83
MINDTREE,EQ,20-Nov-17,516.45,517,517.25,505,506.65,507.5,509.25,352455,179489165.9,12479,196259,55.68
MINDTREE,EQ,21-Nov-17,507.5,506.85,515,502.1,506.1,507.9,510.92,430898,220155427.2,21828,127870,29.68
MINDTREE,EQ,22-Nov-17,507.9,509.1,521.5,509.1,518.4,519.45,518.6,784393,406785212,23176,309307,39.43
MINDTREE,EQ,23-Nov-17,519.45,521,523.65,508.05,513.15,513.3,514.35,401262,206390033.8,12646,112743,28.1
MINDTREE,EQ,24-Nov-17,513.3,513.9,517.8,508,513.5,512.45,512.63,308781,158291380.3,15023,104290,33.77
MINDTREE,EQ,27-Nov-17,512.45,523,555,516.1,550.7,550.05,538.94,2660906,1434060090,64312,754657,28.36
MINDTREE,EQ,28-Nov-17,550.05,545.1,550,541.3,546,545.85,544.75,533637,290700154.1,16075,163561,30.65
MINDTREE,EQ,29-Nov-17,545.85,545.1,562.4,544.3,546.1,548.7,555.62,1242855,690549432.5,25515,249521,20.08
MINDTREE,EQ,30-Nov-17,548.7,548,550,530.75,536.65,539.2,542.93,613815,333259619.8,14534,293849,47.87
MINDTREE,EQ,01-Dec-17,539.2,539.45,547.6,527.45,530.5,529.9,539.5,277028,149455473.7,8714,56836,20.52
MINDTREE,EQ,04-Dec-17,529.9,530.6,555.1,530.6,555.1,552.75,549.08,1185727,651064347.8,29849,275403,23.23
MINDTREE,EQ,05-Dec-17,552.75,556,564,534.7,541,539.95,547.94,1371639,751570309.3,31049,308111,22.46
MINDTREE,EQ,06-Dec-17,539.95,539.95,549.55,536.65,540.5,539.85,543.32,549205,298392666.9,20289,107240,19.53
MINDTREE,EQ,07-Dec-17,539.85,542,559,542,556.9,556.9,553.09,700508,387441987.3,17034,192058,27.42
MINDTREE,EQ,08-Dec-17,556.9,556.7,575.9,542.4,546.3,546.1,563.55,2139850,1205903193,42278,507928,23.74
MINDTREE,EQ,11-Dec-17,546.1,550.2,555.9,536.4,545.85,545.85,546.06,644109,351721873.8,21807,173708,26.97
MINDTREE,EQ,12-Dec-17,545.85,549.95,566,544.25,561.9,564.45,558.86,1272972,711414859.1,32355,463102,36.38
MINDTREE,EQ,13-Dec-17,564.45,564.95,573,560.2,562.5,564.2,567.6,971881,551635447.2,27190,169354,17.43
MINDTREE,EQ,14-Dec-17,564.2,564.25,572,555.55,567.5,565.6,565.06,590777,333827363.3,12092,148052,25.06
MINDTREE,EQ,15-Dec-17,565.6,570,573,560.6,566,566.55,565.77,329791,186584403.6,8750,99694,30.23
MINDTREE,EQ,18-Dec-17,566.55,566,578.9,537,576,575.65,572.34,765389,438059761.8,14259,263964,34.49
MINDTREE,EQ,19-Dec-17,575.65,576.1,580.25,570,570,571.3,575.13,357364,205531850.4,12710,164524,46.04
MINDTREE,EQ,20-Dec-17,571.3,572,581.05,566.05,577.15,577.45,575.26,411708,236839404.1,11517,166182,40.36
MINDTREE,EQ,21-Dec-17,577.45,576.2,579.9,573.5,577.8,576.65,576.66,252372,145532740.4,9049,98866,39.17
MINDTREE,EQ,22-Dec-17,576.65,577.8,604,577,599.8,599.7,595.37,1462664,870829288.9,34166,287663,19.67
MINDTREE,EQ,26-Dec-17,599.7,593,603.5,590.05,596.55,598.45,597.3,614201,366865294.8,15699,151357,24.64
MINDTREE,EQ,27-Dec-17,598.45,596.5,619.95,596.1,608.4,611.1,609.45,910025,554619160.2,17656,237032,26.05
MINDTREE,EQ,28-Dec-17,611.1,611.8,626.5,608.2,608.5,613,618.93,1052556,651454178.2,21430,223568,21.24
MINDTREE,EQ,29-Dec-17,613,616.9,620.35,598.15,612.45,612.4,611.07,545902,333585049.8,11344,99506,18.23
MINDTREE,EQ,01-Jan-18,612.4,610.8,618.35,605.3,606.05,606.9,610.63,318744,194634109.1,6312,107284,33.66
MINDTREE,EQ,02-Jan-18,606.9,603.05,611.35,598,605.05,605.05,604,528274,319075917,10102,110148,20.85
MINDTREE,EQ,03-Jan-18,605.05,606,613.8,595.7,599.5,599.3,606.68,853218,517627964.5,13411,276474,32.4
MINDTREE,EQ,04-Jan-18,599.3,601,605.75,593.05,599.45,599.9,599.41,1122243,672683369.1,19195,651722,58.07
MINDTREE,EQ,05-Jan-18,599.9,600.5,605,597,602,602.3,600.57,908732,545760501.6,12565,579769,63.8
MINDTREE,EQ,08-Jan-18,602.3,602.5,643.2,602.5,633,632.65,630.79,1802300,1136866438,39526,394511,21.89
MINDTREE,EQ,09-Jan-18,632.65,632.5,632.5,615.35,622.75,626.05,622.49,422846,263218998.2,13022,82992,19.63
MINDTREE,EQ,10-Jan-18,626.05,625.95,633,620.55,624,623.85,626.79,854033,535296942.3,18241,96683,11.32
MINDTREE,EQ,11-Jan-18,623.85,627,638,617.6,621.95,621.2,628.84,1164044,731999673.5,21994,210784,18.11
MINDTREE,EQ,12-Jan-18,621.2,625,637,623.05,633,633.75,629.78,1045673,658543459.1,40658,492058,47.06
MINDTREE,EQ,15-Jan-18,633.75,635,640.85,622.65,627.15,627.5,633.48,471138,298458377.9,20555,216388,45.93
MINDTREE,EQ,16-Jan-18,627.5,631.95,635.45,616.6,618.8,619.75,626.97,518830,325289119.5,16203,152362,29.37
MINDTREE,EQ,17-Jan-18,619.75,621,629.8,615,622,624.85,624.34,686332,428504323,19219,133921,19.51
MINDTREE,EQ,18-Jan-18,624.85,665.2,693.6,663.2,681.15,684.15,679.4,6947714,4720256501,110058,610361,8.79
MINDTREE,EQ,19-Jan-18,684.15,685,706,671.2,705,702.4,689.79,2401933,1656834551,52810,313509,13.05
MINDTREE,EQ,22-Jan-18,702.4,700,764.3,693.45,753,757.35,741.57,5595004,4149078692,108498,844332,15.09
MINDTREE,EQ,23-Jan-18,757.35,750,775,742.9,762.5,762.55,761.79,2763558,2105261851,56964,658642,23.83
MINDTREE,EQ,24-Jan-18,762.55,758,784,748.8,754.3,753.45,767.34,4376579,3358327272,92458,1170743,26.75
MINDTREE,EQ,25-Jan-18,753.45,762.8,770.25,747,750,749.55,757.7,1800526,1364250472,51348,665777,36.98
MINDTREE,EQ,29-Jan-18,749.55,750,770.8,749,760.1,761.95,763.94,1733599,1324365237,44097,644279,37.16
MINDTREE,EQ,30-Jan-18,761.95,758,772.7,756,762.25,764.45,765.46,1023279,783279452.4,21319,326813,31.94
MINDTREE,EQ,31-Jan-18,764.45,774,779.15,762.55,768,770,770.36,1590667,1225386279,41039,478479,30.08
MINDTREE,EQ,01-Feb-18,770,765.55,769,745.05,757.75,753.6,757.46,936000,708983789.6,42431,352018,37.61
MINDTREE,EQ,02-Feb-18,753.6,750,758,730.2,735.2,735.15,744.87,902642,672353527.9,34408,268491,29.75
MINDTREE,EQ,05-Feb-18,735.15,720.05,727.95,683.4,711.2,705,700.27,1709873,1197373386,45497,381884,22.33
MINDTREE,EQ,06-Feb-18,705,662,723.5,662,719.4,720.7,710.1,2091682,1485301173,72490,729303,34.87
MINDTREE,EQ,07-Feb-18,720.7,728.4,728.45,714.7,715.95,717.45,720.81,893481,644027734.6,28142,378442,42.36
MINDTREE,EQ,08-Feb-18,717.45,721,750,717.4,733.35,733.3,736.8,1430828,1054241127,60686,584972,40.88
MINDTREE,EQ,09-Feb-18,733.3,725,732.65,713.7,717.25,717.2,720.54,669860,482657777.8,28957,256033,38.22
MINDTREE,EQ,12-Feb-18,717.2,721.7,727.6,716.2,722,722.4,722.17,741147,535237281,30580,274894,37.09
MINDTREE,EQ,14-Feb-18,722.4,724.9,738.75,719.75,723.65,723.6,731.02,1028773,752049816.1,29286,476094,46.28
MINDTREE,EQ,15-Feb-18,723.6,732.5,732.5,694.4,704.5,701.6,713.21,540597,385560956.7,16226,97871,18.1
MINDTREE,EQ,16-Feb-18,701.6,705.4,720,705.05,712.8,713.2,711.95,700799,498936154.8,20320,172242,24.58
MINDTREE,EQ,19-Feb-18,713.2,708,713.95,680.55,692,691.55,692.45,877372,607535395.8,24079,370748,42.26
MINDTREE,EQ,20-Feb-18,691.55,696.75,704.95,687.4,700.1,697.8,697.96,480291,335226011.1,22783,109854,22.87
MINDTREE,EQ,21-Feb-18,697.8,696,728.3,696,727.65,726.15,723.47,2196558,1589153742,64976,668466,30.43
MINDTREE,EQ,22-Feb-18,726.15,730,743.9,729.75,741.55,740.7,739.28,1953791,1444400509,55278,588173,30.1
MINDTREE,EQ,23-Feb-18,740.7,745.95,836.15,744,815,811.9,788.77,5970601,4709427000,106521,1296565,21.72
MINDTREE,EQ,26-Feb-18,811.9,821.4,825.8,774.15,797.1,801.85,809.13,4040833,3269554289,91367,516997,12.79
MINDTREE,EQ,27-Feb-18,801.85,804,812,794.75,805.6,802.7,803.49,1493764,1200217856,29625,313777,21.01
MINDTREE,EQ,28-Feb-18,802.7,800.15,820,793.15,815.6,815.1,811.18,2762568,2240952928,51782,508597,18.41
MINDTREE,EQ,01-Mar-18,815.1,820,824.35,810.05,812,814.05,818.21,1343617,1099362449,25412,137094,10.2
MINDTREE,EQ,05-Mar-18,814.05,808.25,871.2,808.1,870,859.55,839.59,4171893,3502676055,81890,728203,17.45
MINDTREE,EQ,06-Mar-18,859.55,870,870.6,820.05,824,826.1,844.53,2558913,2161084701,59375,398580,15.58
MINDTREE,EQ,07-Mar-18,826.1,822,849.4,817,833,831.3,833.49,2935071,2446354840,59039,384507,13.1
MINDTREE,EQ,08-Mar-18,831.3,836,843.4,814.35,815.9,817.2,824.58,1748332,1441638346,35212,456795,26.13
MINDTREE,EQ,09-Mar-18,817.2,823,829,809,815.1,813.85,817.96,1201294,982609348.8,23612,175133,14.58
MINDTREE,EQ,12-Mar-18,813.85,819,828,810.6,817.6,815.15,818.65,1266696,1036977583,32386,299620,23.65
MINDTREE,EQ,13-Mar-18,815.15,816.25,825,795.2,802,800.85,807.95,1627811,1315182116,45627,561694,34.51
MINDTREE,EQ,14-Mar-18,800.85,800,815,791.75,799.3,799.55,801.34,2064666,1654491411,36201,728597,35.29
MINDTREE,EQ,15-Mar-18,799.55,801.55,849.9,801.55,839,843.65,828.48,3644018,3018979592,58704,487441,13.38
MINDTREE,EQ,16-Mar-18,843.65,839,842.95,809.1,813.9,812.35,823.49,2317309,1908283754,44918,399006,17.22
MINDTREE,EQ,19-Mar-18,812.35,819.5,819.5,772.4,775.7,779.4,785.28,2165988,1700910529,62915,527146,24.34
MINDTREE,EQ,20-Mar-18,779.4,772,782.9,751.2,776.15,772.95,770.29,3039294,2341151922,78794,660352,21.73
MINDTREE,EQ,21-Mar-18,772.95,780,807,779.25,791,790.9,797.06,3525369,2809945564,78334,536442,15.22
MINDTREE,EQ,22-Mar-18,790.9,793,795,767.55,772.8,772.65,776.15,1811863,1406271405,42813,427911,23.62
MINDTREE,EQ,23-Mar-18,772.65,760,787,744.65,781.15,782.75,772.48,2566950,1982927324,44666,356235,13.88
MINDTREE,EQ,26-Mar-18,782.75,779.95,786,767,773,771.9,774.59,1917738,1485455180,50284,706404,36.84
MINDTREE,EQ,27-Mar-18,771.9,776.7,781.95,770.1,772.65,772.8,775.98,1188074,921926091.6,30584,420914,35.43
MINDTREE,EQ,28-Mar-18,772.8,775.25,780,767.2,769.95,771.95,773.97,1567402,1213116760,59581,602684,38.45
MINDTREE,EQ,02-Apr-18,771.95,782,812.8,772.5,811,810.2,802.53,2650454,2127057291,72612,679665,25.64
MINDTREE,EQ,03-Apr-18,810.2,801,809.4,792.4,802,800.65,801.64,979266,785020740.2,26710,321717,32.85
MINDTREE,EQ,04-Apr-18,800.65,807.9,808.45,776.75,782.7,779.55,792.35,997207,790134947.4,22811,136530,13.69
MINDTREE,EQ,05-Apr-18,779.55,790.9,807.7,790,805.95,805.95,800.99,1772130,1419463223,45516,747685,42.19
MINDTREE,EQ,06-Apr-18,805.95,806.95,840.55,805.6,831.75,831.7,831.17,2996695,2490769633,62841,777517,25.95
MINDTREE,EQ,09-Apr-18,831.7,840,848.5,808.3,821.5,822.25,832.31,2063424,1717411936,38161,447557,21.69
MINDTREE,EQ,10-Apr-18,822.25,824.45,845.85,823,827.5,827.75,835.24,2429594,2029286297,47965,583720,24.03
MINDTREE,EQ,11-Apr-18,827.75,830,842.2,825,830.1,829.95,833.36,1228266,1023591600,30169,213114,17.35
MINDTREE,EQ,12-Apr-18,829.95,835,847,833.1,838.15,836.4,841.13,1871051,1573787998,30896,379599,20.29
MINDTREE,EQ,13-Apr-18,836.4,840.6,859,830.1,853,852.15,851.25,3021559,2572097159,46183,683550,22.62
MINDTREE,EQ,16-Apr-18,852.15,843.5,872,840.6,869.7,868.85,859.31,2623973,2254802323,50626,351131,13.38
MINDTREE,EQ,17-Apr-18,868.85,870.1,884.95,861,884,882.95,876.4,2788226,2443603208,50460,586181,21.02
MINDTREE,EQ,18-Apr-18,882.95,884,895.85,859.85,867.35,865.1,879.17,3311973,2911793171,75927,740853,22.37
MINDTREE,EQ,19-Apr-18,865.1,895,902,879,898,897.6,891.29,5773178,5145590810,93356,1086925,18.83
MINDTREE,EQ,20-Apr-18,897.6,908.8,1013.45,903.05,987.95,979.85,953.14,11466392,10929110379,170808,1474641,12.86
MINDTREE,EQ,23-Apr-18,979.85,978.95,1027.7,966.3,999.8,1000.6,1007.97,8986864,9058494221,142134,735807,8.19
MINDTREE,EQ,24-Apr-18,1000.6,1005,1011.8,978,998.5,999.95,993.43,4012024,3985683753,84211,637591,15.89
MINDTREE,EQ,25-Apr-18,999.95,993,1042.5,993,1034,1033.7,1030.05,6427671,6620844936,127086,1134197,17.65
MINDTREE,EQ,26-Apr-18,1033.7,1046.6,1088,1035.75,1083.3,1070.6,1055.19,5349404,5644625699,90314,678800,12.69
MINDTREE,EQ,27-Apr-18,1070.6,1080.3,1080.3,1043.25,1048.6,1050.7,1053.89,2486572,2620570182,60580,388313,15.62
MINDTREE,EQ,30-Apr-18,1050.7,1063.75,1098,1053,1085,1084.6,1087.26,2842415,3090435435,61955,379046,13.34
MINDTREE,EQ,02-May-18,1084.6,1086.95,1101.2,1041.8,1057,1051.65,1064.11,1793498,1908480153,34241,351064,19.57
MINDTREE,EQ,03-May-18,1051.65,1055.2,1091.6,1025.85,1027.1,1031.85,1054.84,3878653,4091348077,79451,636716,16.42
MINDTREE,EQ,04-May-18,1031.85,1032,1037.95,997.05,1014,1010.05,1012.08,3284715,3324409018,52776,558384,17
MINDTREE,EQ,07-May-18,1010.05,1020,1034,1006.55,1014.5,1014.75,1018.52,1298823,1322874366,25451,240345,18.5
MINDTREE,EQ,08-May-18,1014.75,1024.8,1045.7,1018,1030.75,1031.3,1034.7,2532266,2620137319,63883,526070,20.77
MINDTREE,EQ,09-May-18,1031.3,1035.95,1042,1011.15,1020,1018.05,1028.41,1820504,1872230564,61006,559311,30.72
MINDTREE,EQ,10-May-18,1018.05,1026,1034,1014.2,1020,1016.8,1024.11,1385624,1419038096,54310,472363,34.09
MINDTREE,EQ,11-May-18,1016.8,1026.8,1028,995.95,1006.9,1007.55,1008.63,1512123,1525174353,30700,422670,27.95
MINDTREE,EQ,14-May-18,1007.55,1011.7,1011.7,987.8,989,994.1,996.28,1331607,1326651390,38435,404610,30.39
MINDTREE,EQ,15-May-18,994.1,983.4,1021.8,983.4,1003.7,1001.15,1007.06,1854585,1867677266,50349,497490,26.82
MINDTREE,EQ,16-May-18,1001.15,999.95,1014.2,994.05,1006.2,1005.25,1005.29,1049191,1054742488,26505,258571,24.64
MINDTREE,EQ,17-May-18,1005.25,1017.6,1017.8,995.9,1004,1001.7,1003.99,744864,747834815.1,26753,236062,31.69
MINDTREE,EQ,18-May-18,1001.7,1004,1011.8,998.8,1009.25,1006.35,1006.02,829188,834183034.8,20221,260465,31.41
MINDTREE,EQ,21-May-18,1006.35,1018.5,1036.4,1009.5,1029.1,1029.6,1026.75,2073515,2128985998,63264,511461,24.67
MINDTREE,EQ,22-May-18,1029.6,1034.95,1040,1011.15,1019.5,1018.9,1022.75,1342710,1373253664,24240,153849,11.46
MINDTREE,EQ,23-May-18,1018.9,1021.5,1045,1018,1034.95,1033.9,1034.13,1219984,1261623571,24329,156289,12.81
MINDTREE,EQ,24-May-18,1033.9,1041,1055,1030.35,1039.3,1038.35,1042.04,1358248,1415350831,27464,209406,15.42
MINDTREE,EQ,25-May-18,1038.35,1041.65,1052,1020,1026.45,1023.6,1041.35,1089298,1134345897,23416,229629,21.08
MINDTREE,EQ,28-May-18,1023.6,1035.7,1036.35,1006,1011,1011.45,1015.77,749223,761036388.9,21793,216540,28.9
MINDTREE,EQ,29-May-18,1011.45,1013,1037,1005.4,1018.1,1018.45,1021.14,1199307,1224662159,23922,108493,9.05
MINDTREE,EQ,30-May-18,1018.45,1018.95,1029.4,1012.6,1020.05,1019.05,1020.56,582903,594886534.5,24559,152318,26.13
MINDTREE,EQ,31-May-18,1019.05,1024.95,1025.15,1002.5,1009.6,1007.95,1011.49,1218668,1232671204,35915,597425,49.02
MINDTREE,EQ,01-Jun-18,1007.95,1015.95,1025,984,1008.95,1006.7,1006.73,1293503,1302208165,27564,214905,16.61
MINDTREE,EQ,04-Jun-18,1006.7,1011.75,1011.8,992.4,1003,999.85,1000.39,638201,638446798.5,15481,226967,35.56
MINDTREE,EQ,05-Jun-18,999.85,1003.75,1009.9,966.95,993.8,990.85,986.41,1047824,1033587852,30050,210419,20.08
MINDTREE,EQ,06-Jun-18,990.85,994.05,1020.2,970.15,1019.95,1013.8,998.74,1096128,1094743789,35614,136047,12.41
MINDTREE,EQ,07-Jun-18,1013.8,1022.8,1026.6,1009.1,1013.45,1013.4,1015.34,572990,581778803.4,20482,153530,26.79
MINDTREE,EQ,08-Jun-18,1013.4,1016.85,1038,1010.55,1028,1028.3,1029.69,875389,901377668.2,26640,98805,11.29
MINDTREE,EQ,11-Jun-18,1028.3,1033,1036.65,1019,1036,1032.9,1029.83,548900,565276103.4,14394,112941,20.58
MINDTREE,EQ,12-Jun-18,1032.9,1030.05,1051.5,1022,1043.75,1044,1043.41,1204328,1256609734,40695,392520,32.59
MINDTREE,EQ,13-Jun-18,1044,1048.95,1053,1024.2,1030.5,1028.75,1039.73,1007461,1047483578,28215,393971,39.11
MINDTREE,EQ,14-Jun-18,1028.75,1020.05,1023.4,985.1,994.05,992.75,995.31,2227827,2217374128,69585,541951,24.33
MINDTREE,EQ,15-Jun-18,992.75,1001,1008.95,988.55,1003.6,1002.5,1000.01,1308496,1308512797,34175,221932,16.96
MINDTREE,EQ,18-Jun-18,1002.5,1007.95,1008.45,988,993.3,991.9,994.77,641852,638496370.6,17580,175460,27.34
MINDTREE,EQ,19-Jun-18,991.9,994,994.1,973.85,985.1,984.25,980.92,906317,889023203.2,23270,241267,26.62
MINDTREE,EQ,20-Jun-18,984.25,989.95,1004.75,979.4,995.1,996.2,996.55,987342,983933393.8,33862,241152,24.42
MINDTREE,EQ,21-Jun-18,996.2,998,1009.95,980.35,988.7,989.85,998.92,1007610,1006519963,26613,159170,15.8
MINDTREE,EQ,22-Jun-18,989.85,992.9,994,976.75,986.15,983.85,982.52,615604,604846126.8,21395,152404,24.76
MINDTREE,EQ,25-Jun-18,983.85,985.85,986.35,946.7,953.15,953.2,964.12,1366241,1317215671,35789,455097,33.31
MINDTREE,EQ,26-Jun-18,953.2,952,972.5,916.55,970.75,967.05,940.55,2224769,2092515286,57383,369188,16.59
MINDTREE,EQ,27-Jun-18,967.05,973.7,986.6,945.35,970.6,973.15,967.63,2198459,2127296901,52100,377381,17.17
MINDTREE,EQ,28-Jun-18,973.15,971,979.8,949.05,957.9,953,961.03,1169352,1123785927,24341,217235,18.58
MINDTREE,EQ,29-Jun-18,953,958.05,994.8,958.05,986.35,986.9,976.8,1049747,1025393812,29800,251269,23.94
MINDTREE,EQ,02-Jul-18,986.9,993,998.4,979.5,990.25,991.15,989.11,964096,953600878.7,20506,262388,27.22
MINDTREE,EQ,03-Jul-18,991.15,985.15,1008.8,981.1,1006.7,1004.55,994.65,898479,893669233.4,27096,185637,20.66
MINDTREE,EQ,04-Jul-18,1004.55,1009.75,1016.2,1001.2,1006.5,1008.25,1009,789424,796531690.3,20644,72084,9.13
MINDTREE,EQ,05-Jul-18,1008.25,1020.6,1020.95,984.95,1006.65,998.7,998.35,1052202,1050464223,35798,372004,35.35
MINDTREE,EQ,06-Jul-18,998.7,1002,1005,983,991.85,993.45,991.66,733238,727125362.2,27103,198028,27.01
MINDTREE,EQ,09-Jul-18,993.45,1001.7,1019.5,988,1018.2,1011.95,1000.67,993618,994278771.4,27346,358804,36.11
MINDTREE,EQ,10-Jul-18,1011.95,1016,1052,1016,1038.5,1036.3,1041.22,1776116,1849331762,52569,334025,18.81
MINDTREE,EQ,11-Jul-18,1036.3,1041.85,1068.7,1024,1043.05,1048.35,1052.64,3249608,3420662845,69675,840238,25.86
MINDTREE,EQ,12-Jul-18,1048.35,1054.3,1082.4,1032.85,1078,1076.85,1058.08,2124658,2248067323,47812,535435,25.2
MINDTREE,EQ,13-Jul-18,1076.85,1080,1091.7,1052.25,1066.2,1066.8,1071.78,2359391,2528747261,56616,446335,18.92
MINDTREE,EQ,16-Jul-18,1066.8,1065,1087,1052.1,1084,1080.65,1075.76,1737976,1869640096,45255,541039,31.13
MINDTREE,EQ,17-Jul-18,1080.65,1084,1093.5,1066.1,1082,1081,1079.49,2392150,2582301423,54838,785482,32.84
MINDTREE,EQ,18-Jul-18,1081,1086,1099.9,1045,1058.15,1061.8,1076.98,3014790,3246876223,70234,535141,17.75
MINDTREE,EQ,19-Jul-18,1061.8,1046,1053.25,932.35,979.6,971.15,970.37,13385207,12988663288,291502,1978277,14.78
MINDTREE,EQ,20-Jul-18,971.15,974.9,1004.9,971.3,972.6,976.85,987.07,5575914,5503826063,108096,1338407,24
MINDTREE,EQ,23-Jul-18,976.85,979,986.2,934.45,954,959.7,952.32,2253510,2146052106,49637,421122,18.69
MINDTREE,EQ,24-Jul-18,959.7,957.1,989.95,949.55,968,970.4,974.11,2108627,2054025197,64903,494306,23.44
MINDTREE,EQ,25-Jul-18,970.4,971,980.5,950,951.5,957.4,965.24,1469299,1418223839,50517,401428,27.32
MINDTREE,EQ,26-Jul-18,957.4,954,958.95,941,947,947.25,948.19,1358221,1287848265,23252,418188,30.79
MINDTREE,EQ,27-Jul-18,947.25,948,954.05,935,937,938.05,943.97,1020257,963090046.5,29163,212899,20.87
MINDTREE,EQ,30-Jul-18,938.05,940,942.4,911.7,914.5,915.5,920.84,1340951,1234802720,39731,232730,17.36
MINDTREE,EQ,31-Jul-18,915.5,915.7,937.9,907.5,934.05,932.3,924.46,1145078,1058582217,32596,219799,19.2
MINDTREE,EQ,01-Aug-18,932.3,934.35,958,934.25,955,954.9,949.8,1316554,1250464077,29784,304657,23.14
MINDTREE,EQ,02-Aug-18,954.9,955.05,969,943.8,947,952.55,958.97,1243826,1192788849,29076,321284,25.83
MINDTREE,EQ,03-Aug-18,952.55,954.5,964.9,949,958.9,958.9,957.79,745682,714208976.3,16887,217638,29.19
MINDTREE,EQ,06-Aug-18,958.9,959,967,950,951.85,954.35,956.58,685670,655900951.7,17491,104515,15.24
MINDTREE,EQ,07-Aug-18,954.35,955,957.9,940.8,946.35,948.05,948.26,762140,722703551.3,16980,135539,17.78
MINDTREE,EQ,08-Aug-18,948.05,955,969,945.15,960.05,961.25,961.64,1108558,1066028283,29568,117027,10.56
MINDTREE,EQ,09-Aug-18,961.25,960.15,961.45,937.8,946.2,945.6,947.9,520026,492930529.2,17123,116127,22.33
MINDTREE,EQ,10-Aug-18,945.6,947.2,963,947.2,954.15,952,955.33,803568,767676513.7,19542,93623,11.65
MINDTREE,EQ,13-Aug-18,952,947.05,987.9,947.05,986,982.9,976.72,1586103,1549176985,32601,296700,18.71
MINDTREE,EQ,14-Aug-18,982.9,988.9,1015,982,1013,1009.75,1003.95,1934802,1942447037,42303,391892,20.25
MINDTREE,EQ,16-Aug-18,1009.75,1008.5,1055,1007,1040.15,1039.85,1039.34,2437936,2533856214,66671,545325,22.37
MINDTREE,EQ,17-Aug-18,1039.85,1040.65,1049.25,1013.4,1029.9,1028.9,1026.88,1527741,1568799908,52004,436210,28.55
MINDTREE,EQ,20-Aug-18,1028.9,1028,1042.6,1020.55,1037,1036.5,1032.82,775260,800707341.4,21667,107832,13.91
MINDTREE,EQ,21-Aug-18,1036.5,1044,1056.8,1027.35,1034.6,1037.8,1043.73,1328197,1386281189,31415,209457,15.77
MINDTREE,EQ,23-Aug-18,1037.8,1037.95,1048.8,1030.2,1041,1038.95,1038.39,819502,850964626.7,23768,267951,32.7
MINDTREE,EQ,24-Aug-18,1038.95,1041,1042,1008,1013.6,1013.3,1018.72,1276706,1300612247,31010,247149,19.36
MINDTREE,EQ,27-Aug-18,1013.3,1019,1054,1015.25,1051.95,1050.05,1037.8,1345331,1396187851,33441,409165,30.41
MINDTREE,EQ,28-Aug-18,1050.05,1050,1064,1033.25,1037.15,1038.65,1047.65,1213587,1271419327,45641,220435,18.16
MINDTREE,EQ,29-Aug-18,1038.65,1037.95,1041.6,1024,1038,1035.15,1033.36,994497,1027672168,22215,446744,44.92
MINDTREE,EQ,30-Aug-18,1035.15,1034,1059.9,1033.4,1054,1052.05,1050.56,1630536,1712976632,34192,332459,20.39
MINDTREE,EQ,31-Aug-18,1052.05,1055,1118,1055,1116,1114.7,1092.14,2986418,3261601099,72154,368849,12.35
MINDTREE,EQ,03-Sep-18,1114.7,1127,1156.7,1095.3,1108.05,1100.55,1134.84,4400570,4993953790,95206,812137,18.46
MINDTREE,EQ,04-Sep-18,1100.55,1109.4,1139,1100.15,1124.7,1117.95,1123.88,2942441,3306941840,65094,201792,6.86
MINDTREE,EQ,05-Sep-18,1117.95,1126,1157.55,1110.55,1152.2,1150.9,1133.98,2485465,2818469281,61008,208547,8.39
MINDTREE,EQ,06-Sep-18,1150.9,1157,1165.95,1131.5,1155.1,1158,1152.2,1964650,2263669327,47848,168422,8.57
MINDTREE,EQ,07-Sep-18,1158,1155,1174.9,1146,1160.1,1161.95,1162.86,1670124,1942123546,34893,278129,16.65
MINDTREE,EQ,10-Sep-18,1161.95,1160,1176.95,1138.3,1145,1146.65,1160.04,1347238,1562847795,31771,204841,15.2
MINDTREE,EQ,11-Sep-18,1146.65,1146.65,1183.8,1145.35,1166,1161.3,1167.48,2948977,3442860082,56908,701037,23.77
MINDTREE,EQ,12-Sep-18,1161.3,1165,1173.45,1134.4,1147.5,1146.25,1157.08,1476368,1708270357,39960,209997,14.22
MINDTREE,EQ,14-Sep-18,1146.25,1150,1152,1122.3,1148.15,1144.35,1135.11,1073282,1218293869,26996,142664,13.29
MINDTREE,EQ,17-Sep-18,1144.35,1149.7,1171,1147.8,1155,1152.3,1161.66,1137183,1321018415,28250,105628,9.29
MINDTREE,EQ,18-Sep-18,1152.3,1156,1160.7,1137.5,1151.55,1147.45,1149.27,855169,982824160.7,22914,115929,13.56
MINDTREE,EQ,19-Sep-18,1147.45,1152.4,1154.9,1105.05,1125,1120.35,1127.6,880114,992413609.3,23994,220254,25.03
MINDTREE,EQ,21-Sep-18,1120.35,1123,1128.4,1040.5,1105.05,1086.2,1091.24,1606638,1753221655,44453,581957,36.22
MINDTREE,EQ,24-Sep-18,1086.2,1080,1110.8,1067.05,1073,1072.9,1082.09,980604,1061103316,26442,226656,23.11
MINDTREE,EQ,25-Sep-18,1072.9,1075,1096.4,1055,1094,1086.85,1077.49,794183,855724513.6,23711,227294,28.62
MINDTREE,EQ,26-Sep-18,1086.85,1090.05,1095,1040.55,1078.95,1073.6,1064.75,998236,1062869578,26274,228570,22.9
MINDTREE,EQ,27-Sep-18,1073.6,1075,1077.5,1047.25,1055,1052.35,1058.11,715041,756588788.8,20305,195874,27.39
MINDTREE,EQ,28-Sep-18,1052.35,1055,1058.65,1011,1030,1033.25,1030.57,1373849,1415845229,44250,407604,29.67
MINDTREE,EQ,01-Oct-18,1033.25,1025.1,1092.55,1016,1075.6,1071.8,1063,1384039,1471227780,50910,304274,21.98
MINDTREE,EQ,03-Oct-18,1071.8,1089.4,1099,1060,1070.65,1073.35,1081.96,1314309,1422032231,46917,313429,23.85
MINDTREE,EQ,04-Oct-18,1073.35,1064.8,1083.85,1048.8,1056.95,1063.35,1065.14,716518,763190504.4,21368,109002,15.21
MINDTREE,EQ,05-Oct-18,1063.35,1054.15,1076,1033.3,1037,1040.65,1057.37,715895,756963968.9,22039,155044,21.66
MINDTREE,EQ,08-Oct-18,1040.65,1032,1049.65,974.15,997,998.35,1006.54,1138316,1145755340,34154,242171,21.27
MINDTREE,EQ,09-Oct-18,998.35,997,1027,979.4,1005,1009.7,1002.27,1024000,1026329533,38989,181298,17.7
MINDTREE,EQ,10-Oct-18,1009.7,996,1029.1,985,1007,1005.05,1006.94,771715,777069027.7,22838,136721,17.72
MINDTREE,EQ,11-Oct-18,1005.05,935.05,1011.7,935.05,978,980.55,983.28,1112338,1093739437,34235,172125,15.47
MINDTREE,EQ,12-Oct-18,980.55,985,1000,941.2,958,953.25,967.86,1323286,1280752137,37371,242887,18.35
MINDTREE,EQ,15-Oct-18,953.25,962.95,989.8,956,982,980.7,976.6,907803,886562595.3,18285,260798,28.73
MINDTREE,EQ,16-Oct-18,980.7,986,1001.85,973.6,980.6,984.8,990.43,919589,910788201,27954,199029,21.64
MINDTREE,EQ,17-Oct-18,984.8,999.95,999.95,952.25,981.3,977.95,972.65,1512677,1471304426,33535,220340,14.57
MINDTREE,EQ,19-Oct-18,977.95,925,927.8,801.1,819.3,813.9,834.85,8893142,7424441363,311806,1587361,17.85
MINDTREE,EQ,22-Oct-18,813.9,819.25,827.2,780,806.5,802.6,794.56,5198199,4130259414,145092,1426999,27.45
MINDTREE,EQ,23-Oct-18,802.6,810,820,795.65,810.95,809.4,808.76,2052512,1659985125,53597,359058,17.49
MINDTREE,EQ,24-Oct-18,809.4,815,823.8,787.15,802.45,805.5,800.86,2223910,1781029824,52696,352061,15.83
MINDTREE,EQ,25-Oct-18,805.5,782,797.9,766,779,779.7,780.44,1910519,1491044644,43831,517859,27.11
MINDTREE,EQ,26-Oct-18,779.7,787.95,787.95,752.15,773.05,770.95,766.51,1332529,1021400554,30972,530136,39.78
MINDTREE,EQ,29-Oct-18,770.95,780,785.45,760.1,777.7,777.7,776.93,1245731,967847063.6,31728,393979,31.63
MINDTREE,EQ,30-Oct-18,777.7,778,792.25,768.05,785.15,786.15,782.38,2220031,1736916429,48471,942997,42.48
MINDTREE,EQ,31-Oct-18,786.15,794,859.9,793,855,850.85,830.48,2718167,2257375004,77643,509677,18.75
MINDTREE,EQ,01-Nov-18,850.85,861,861,821.15,830.55,827.1,834.5,1200947,1002189938,45394,229345,19.1
MINDTREE,EQ,02-Nov-18,827.1,838,844.8,800.1,803.5,803.95,825.52,1562276,1289696476,50229,466704,29.87
MINDTREE,EQ,05-Nov-18,803.95,790.7,825.5,787.1,823.5,821.85,813.94,1363257,1109603364,41150,161838,11.87
MINDTREE,EQ,06-Nov-18,821.85,824.95,841.4,819.5,831.6,834.6,832.41,1291465,1075027869,34733,476202,36.87
MINDTREE,EQ,07-Nov-18,834.6,839,840.7,830,835,836.6,837.22,98291,82290730,4216,15053,15.31
MINDTREE,EQ,09-Nov-18,836.6,830,867,830,853.85,854.3,854.28,1432318,1223600142,45762,421156,29.4
MINDTREE,EQ,12-Nov-18,854.3,859,869.8,846.1,862.9,863.4,858.89,993623,853415121.8,32116,271032,27.28
MINDTREE,EQ,13-Nov-18,863.4,861.5,868,837,845,843.75,849.58,651556,553550932.5,26359,131469,20.18
MINDTREE,EQ,14-Nov-18,843.75,844.95,851.6,831.9,840,846.75,840.76,800201,672777598.3,25432,177711,22.21
MINDTREE,EQ,15-Nov-18,846.75,835.05,851.45,832.6,839.85,840.4,841.77,635572,535006607.5,22596,104367,16.42
MINDTREE,EQ,16-Nov-18,840.4,840,854.5,831,837,837.4,839.52,960984,806768480,27146,390309,40.62
MINDTREE,EQ,19-Nov-18,837.4,846,853,839.15,844.9,848.7,847.55,610680,517581140.6,25704,97206,15.92
MINDTREE,EQ,20-Nov-18,848.7,848.7,854.2,835,835.5,836.5,841.14,1043524,877754563.3,36386,256175,24.55
MINDTREE,EQ,21-Nov-18,836.5,838,838.05,805.1,836,830.4,817.33,1895611,1549333964,61329,424479,22.39
MINDTREE,EQ,22-Nov-18,830.4,830.4,854.7,823,830,828.85,841.8,1466895,1234829859,33963,216167,14.74
MINDTREE,EQ,26-Nov-18,828.85,830,843,819,840.25,837.1,831.17,933348,775773200.7,26318,143435,15.37
MINDTREE,EQ,27-Nov-18,837.1,842,848,820,824,824.1,827.69,1220238,1009984086,46974,535631,43.9
MINDTREE,EQ,28-Nov-18,824.1,827,881.1,822.35,871,874.75,853.78,2305804,1968646325,57478,551698,23.93
MINDTREE,EQ,29-Nov-18,874.75,876,877.95,845.2,852,850.1,856.44,2045062,1751474159,49848,720635,35.24
MINDTREE,EQ,30-Nov-18,850.1,855,884,848,880,876.65,867.24,1519665,1317914701,36413,325576,21.42
MINDTREE,EQ,03-Dec-18,876.65,883.9,897.55,865,894.5,893.45,881.78,1287294,1135112618,27562,184053,14.3
MINDTREE,EQ,04-Dec-18,893.45,894.5,899.8,880.85,882.75,885.35,890.37,1157865,1030928025,37211,223697,19.32
MINDTREE,EQ,05-Dec-18,885.35,882,883.9,864.6,872.9,871.15,871.61,701305,611267261.9,23036,156442,22.31
MINDTREE,EQ,06-Dec-18,871.15,869,911.95,843,861,861.3,872.01,4125356,3597338157,104052,804251,19.5
MINDTREE,EQ,07-Dec-18,861.3,862,875,845.05,863.4,867.65,861.01,1096535,944127672.5,34084,229422,20.92
MINDTREE,EQ,10-Dec-18,867.65,856,872.25,843.9,851.5,858.1,857.8,821259,704473102.5,23779,68764,8.37
MINDTREE,EQ,11-Dec-18,858.1,842.2,874.65,842.2,860.85,861.75,864.13,748458,646764429.4,21555,100989,13.49
MINDTREE,EQ,12-Dec-18,861.75,862,895.5,861.25,877,880.65,879.21,1066840,937975449.3,25408,171395,16.07
MINDTREE,EQ,13-Dec-18,880.65,882,889.15,852.35,854,858.8,867.1,1043497,904817134.7,43986,282354,27.06
MINDTREE,EQ,14-Dec-18,858.8,860,873.3,850,865,867.9,864.25,956017,826241192.9,33018,142413,14.9
MINDTREE,EQ,17-Dec-18,867.9,870,874,856.6,868,870.05,865.92,497718,430981850.2,18576,73523,14.77
MINDTREE,EQ,18-Dec-18,870.05,860,867.05,841.6,847,846.6,847.53,1634661,1385424413,48629,445745,27.27
MINDTREE,EQ,19-Dec-18,846.6,850,861.6,827.3,849.8,850.1,842.08,1987778,1673871882,70188,429485,21.61
MINDTREE,EQ,20-Dec-18,850.1,849,859.3,841.35,850,850.05,851.13,996549,848189114.7,22939,273902,27.49
MINDTREE,EQ,21-Dec-18,850.05,850.35,866.2,840.1,847,845.6,854.63,1601801,1368955193,38063,324117,20.23
MINDTREE,EQ,24-Dec-18,845.6,848.8,856.9,834.15,836.35,837.7,844.58,690775,583416544.8,22720,111963,16.21
MINDTREE,EQ,26-Dec-18,837.7,839,859.85,818,855.05,854.05,835.99,1128860,943715887,26303,203751,18.05
MINDTREE,EQ,27-Dec-18,854.05,859.35,872.9,853,863.8,861.85,865.28,1251109,1082557151,24687,157002,12.55
MINDTREE,EQ,28-Dec-18,861.85,863,869,858.05,865.2,864.1,863.7,420544,363225727.3,7846,49437,11.76
MINDTREE,EQ,31-Dec-18,864.1,870,871.7,861.55,864,864.5,866.31,317152,274752852.7,11757,61520,19.4
MINDTREE,EQ,01-Jan-19,864.5,864,867.1,853.4,863.15,863.4,861.25,399996,344498215.7,7996,27003,6.75
MINDTREE,EQ,02-Jan-19,863.4,858,878,857.2,859,860.5,870.52,892157,776640527.3,19259,84733,9.5
MINDTREE,EQ,03-Jan-19,860.5,861.15,865,824.35,834.3,834.8,848.07,908897,770806819.3,53508,305402,33.6
MINDTREE,EQ,04-Jan-19,834.8,832.1,841,792.25,815.45,815,808.81,3507785,2837148675,87843,508263,14.49
MINDTREE,EQ,07-Jan-19,815,819,839.7,816.3,835,835.35,830.24,1238344,1028123883,30168,232461,18.77
MINDTREE,EQ,08-Jan-19,835.35,836,837.05,819.2,820.15,821.2,823.73,943753,777398922.5,31919,198595,21.04
MINDTREE,EQ,09-Jan-19,821.2,825,839,820.1,823.5,823.45,828.8,1108871,919036770.1,27750,170503,15.38
MINDTREE,EQ,10-Jan-19,823.45,823.5,827,810,812.95,812.25,815.31,1017956,829946346.7,25853,287171,28.21
MINDTREE,EQ,11-Jan-19,812.25,810,836,794.4,834,832,812.81,2625463,2133990114,51260,435348,16.58
MINDTREE,EQ,14-Jan-19,832,838,857.85,830,853.3,853.15,843.66,2309396,1948339181,51144,330892,14.33
MINDTREE,EQ,15-Jan-19,853.15,847.3,863,842.8,855.35,854.5,854.82,1598604,1366511336,41003,183911,11.5
MINDTREE,EQ,16-Jan-19,854.5,855,863,835,835.05,841.2,846.95,2437761,2064666750,59154,589109,24.17
MINDTREE,EQ,17-Jan-19,841.2,843.95,873.3,821.7,866,867.85,856.97,10222282,8760163794,204114,779243,7.62
MINDTREE,EQ,18-Jan-19,867.85,868,892.2,853.95,888.9,887,877.84,4875592,4279966984,100627,523711,10.74
MINDTREE,EQ,21-Jan-19,887,895,911.7,874.35,879.8,881.75,897.96,4642387,4168684965,88113,272532,5.87
MINDTREE,EQ,22-Jan-19,881.75,883,934,879.4,930.05,921.1,902.58,3934018,3550770975,72468,1058175,26.9
MINDTREE,EQ,23-Jan-19,921.1,930,942.9,902,905,906.55,923.57,6485855,5990140836,115982,965330,14.88
MINDTREE,EQ,24-Jan-19,906.55,913.8,923.35,906.5,912.05,910.4,911.36,2027003,1847328746,42509,214216,10.57
MINDTREE,EQ,25-Jan-19,910.4,916.05,925,880.8,887.95,886.1,903.83,2686280,2427941237,49029,317435,11.82
MINDTREE,EQ,28-Jan-19,886.1,872,884.25,856.05,868.15,868.6,870.47,2225129,1936909177,53270,322191,14.48
MINDTREE,EQ,29-Jan-19,868.6,870,911,866,907.35,903.6,890.49,1990949,1772915011,46222,283796,14.25
MINDTREE,EQ,30-Jan-19,903.6,909.2,919,885.1,890,890.45,902.76,1661063,1499535580,50115,309584,18.64
MINDTREE,EQ,31-Jan-19,890.45,900,902,880,893.9,894.05,892.33,1211981,1081482676,26225,146502,12.09
MINDTREE,EQ,01-Feb-19,894.05,894.05,904,885.2,904,899.65,896.75,803302,720357312.3,17671,201145,25.04
MINDTREE,EQ,04-Feb-19,899.65,904.05,906,875.05,887.45,889.8,891.78,1004135,895464705.6,23313,121955,12.15
MINDTREE,EQ,05-Feb-19,889.8,887,899.9,880,889,887.9,890.9,636345,566918777.9,13986,64379,10.12
MINDTREE,EQ,06-Feb-19,887.9,889.95,909.75,889.8,894.5,897.3,901.25,1574950,1419418901,39305,283203,17.98
MINDTREE,EQ,07-Feb-19,897.3,894.4,906.6,890,898,899.3,899.42,894663,804674652.7,19844,178957,20
MINDTREE,EQ,08-Feb-19,899.3,893.6,911,887,889.8,891.55,899.69,1367888,1230669105,46512,349813,25.57
MINDTREE,EQ,11-Feb-19,891.55,891.1,922,891.1,920,918.05,910.79,2245228,2044926103,83424,582792,25.96
MINDTREE,EQ,12-Feb-19,918.05,920.4,928.3,894,897.35,900.3,906.73,2255202,2044868295,40259,362401,16.07
MINDTREE,EQ,13-Feb-19,900.3,903,908.55,892.35,897,896.5,901.67,1109780,1000653749,24837,293522,26.45
MINDTREE,EQ,14-Feb-19,896.5,897.95,906.05,888.75,897,897,896.64,1021400,915824212.3,28166,234787,22.99
MINDTREE,EQ,15-Feb-19,897,899,903.9,889.1,894.7,895.5,896.04,786612,704839502.5,28699,262479,33.37
MINDTREE,EQ,18-Feb-19,895.5,893,899.9,864.4,868.8,868.6,877.76,980226,860400006.9,29336,200862,20.49
MINDTREE,EQ,19-Feb-19,868.6,868,893.5,859,888,887.3,882.16,2044293,1803389169,37729,576811,28.22
MINDTREE,EQ,20-Feb-19,887.3,888,907,879,903,903.95,894.38,1332001,1191321623,32305,302201,22.69
MINDTREE,EQ,21-Feb-19,903.95,906.95,906.95,888,898.75,898.8,896.74,1005712,901858268.2,26520,87272,8.68
MINDTREE,EQ,22-Feb-19,898.8,901,911,893.5,904,902.75,902.13,899553,811513361.3,28257,209742,23.32
MINDTREE,EQ,25-Feb-19,902.75,909.5,912.9,895.65,905.6,907.75,908.49,1018766,925542475.6,33176,310578,30.49
MINDTREE,EQ,26-Feb-19,907.75,899.1,916.2,889,905.9,907.25,904.14,1162090,1050687062,32012,392208,33.75
MINDTREE,EQ,27-Feb-19,907.25,910,915.9,888.55,897.15,898.7,903.24,1037003,936663542.9,26254,324690,31.31
MINDTREE,EQ,28-Feb-19,898.7,902,914.55,892,911,908.8,902.75,723715,653333882.3,17465,336406,46.48
MINDTREE,EQ,01-Mar-19,908.8,907.7,937.4,907.05,937,932.85,925.66,1630708,1509481430,32078,553838,33.96
MINDTREE,EQ,05-Mar-19,932.85,940.05,940.9,912.2,917.55,915.65,919.16,1251095,1149956086,49814,276641,22.11
MINDTREE,EQ,06-Mar-19,915.65,923.3,926.75,912.7,919,917.1,919.41,548075,503905257.6,14360,72805,13.28
MINDTREE,EQ,07-Mar-19,917.1,923.25,935.55,915.85,920,920.2,925.98,1263678,1170137381,24452,234967,18.59
MINDTREE,EQ,08-Mar-19,920.2,920,931.65,916.5,919.5,921.7,923.61,685000,632669835.8,20607,149277,21.79
MINDTREE,EQ,11-Mar-19,921.7,921.95,933.2,914.4,925.6,927,923.74,1046434,966635050.7,24697,137036,13.1
MINDTREE,EQ,12-Mar-19,927,934.7,936.55,911.6,922.9,917.4,920.21,1184350,1089845105,19184,450471,38.04
MINDTREE,EQ,13-Mar-19,917.4,931,937.65,918.2,925.5,923.9,926.95,2260365,2095253268,41873,595277,26.34
MINDTREE,EQ,14-Mar-19,923.9,934,953,923.3,952,950.1,940.66,2668845,2510473173,63860,712123,26.68
MINDTREE,EQ,15-Mar-19,950.1,958.95,964.7,940.35,947.4,947.4,949.72,2737367,2599732752,59410,610681,22.31
MINDTREE,EQ,18-Mar-19,947.4,969.95,969.95,953.2,963.4,962.5,960.96,2642886,2539708773,58138,515322,19.5
MINDTREE,EQ,19-Mar-19,962.5,975,976,938.15,944.5,943.3,950.01,5497681,5222845004,119508,1683770,30.63
MINDTREE,EQ,20-Mar-19,943.3,945,965.5,945,953.25,950.65,953.69,3174302,3027302108,62734,975745,30.74
MINDTREE,EQ,22-Mar-19,950.65,948,948,935.05,939.05,939,940.86,1451306,1365474192,37294,455714,31.4
MINDTREE,EQ,25-Mar-19,939,938.8,945,934,942,940.75,939.95,971520,913179840.8,23136,307282,31.63
MINDTREE,EQ,26-Mar-19,940.75,945,961.1,935.95,944.1,950.5,947.38,2125521,2013667284,51833,378087,17.79
MINDTREE,EQ,27-Mar-19,950.5,938.9,949.7,931,944.4,943.15,942.08,2185188,2058627318,69900,725704,33.21
MINDTREE,EQ,28-Mar-19,943.15,943.45,950.6,937.1,941.25,941.25,944,772947,729663399,24720,217661,28.16
MINDTREE,EQ,29-Mar-19,941.25,942.3,952,941.6,944.55,944.5,946.51,1120083,1060172205,48107,526245,46.98
MINDTREE,EQ,01-Apr-19,944.5,950.95,954,943.65,946,944.95,949.38,748695,710798983.3,22076,403628,53.91
MINDTREE,EQ,02-Apr-19,944.95,948.9,952.5,945.1,946.7,946.65,949.11,642877,610158666.2,22869,346990,53.97
MINDTREE,EQ,03-Apr-19,946.65,949,949.5,939,942.15,943.8,943.24,727804,686492678.1,20109,409584,56.28
MINDTREE,EQ,04-Apr-19,943.8,943,947,940.65,944.9,943.5,943.63,626426,591114104.4,17422,324254,51.76
MINDTREE,EQ,05-Apr-19,943.5,944.4,962.75,944,953,952.95,954.73,1274179,1216490922,38399,526743,41.34
MINDTREE,EQ,08-Apr-19,952.95,956,964.5,949.15,956.7,957.3,959.08,1233339,1182865934,37004,626236,50.78
MINDTREE,EQ,09-Apr-19,957.3,958.95,969.5,955.35,961.7,962.2,963.27,1182333,1138901232,32062,333345,28.19
MINDTREE,EQ,10-Apr-19,962.2,963,975,956,972.8,970.25,970.43,2078842,2017379672,37245,1144744,55.07
MINDTREE,EQ,11-Apr-19,970.25,973,979,970.3,978,976.65,975.39,1115408,1087953067,37292,669418,60.02
MINDTREE,EQ,12-Apr-19,976.65,976,979,971.3,978.8,975.65,975.35,456663,445404417.9,14810,194580,42.61
MINDTREE,EQ,15-Apr-19,975.65,977,985.7,972.25,979.6,979.65,979.79,792811,776789180.5,19578,394858,49.8
MINDTREE,EQ,16-Apr-19,979.65,982,987.85,969.1,972.5,972.45,981.16,672044,659382708.9,22297,292359,43.5
MINDTREE,EQ,18-Apr-19,972.45,979,986.95,961,966,968.5,975.73,2285726,2230247413,54911,598103,26.17
MINDTREE,EQ,22-Apr-19,968.5,967,979,966,975.1,976.2,974.8,937745,914111140.4,26393,501640,53.49
MINDTREE,EQ,23-Apr-19,976.2,974.9,982,966.65,975.6,975.4,976.6,477570,466396098.9,11920,132863,27.82
MINDTREE,EQ,24-Apr-19,975.4,976,980.5,975.5,980,979.4,978.36,326956,319880525.9,10646,151927,46.47
MINDTREE,EQ,25-Apr-19,979.4,978,995,973.25,981.4,989.4,986.03,617828,609196659.8,9731,306085,49.54
MINDTREE,EQ,26-Apr-19,989.4,984.4,985.95,974,977,975.85,979.84,370028,362567037.2,9127,99533,26.9
MINDTREE,EQ,30-Apr-19,975.85,977.7,990,977.7,980,981.25,983.33,688189,676719235.9,21888,188694,27.42
MINDTREE,EQ,02-May-19,981.25,985,986.6,977.15,982,981.4,981.48,323640,317647553.3,11346,124020,38.32
MINDTREE,EQ,03-May-19,981.4,983,983.85,966,974.75,970.2,970.53,476833,462782545.8,14149,162234,34.02
MINDTREE,EQ,06-May-19,970.2,969,983.5,962.4,982,981.75,979.23,1604808,1571472153,10494,1305298,81.34
MINDTREE,EQ,07-May-19,981.75,982.8,985,975,981,979.95,979.77,1242934,1217783787,10864,884988,71.2
MINDTREE,EQ,08-May-19,979.95,981,985,971.05,982,980.5,979.84,4301316,4214603389,13038,3851210,89.54
MINDTREE,EQ,09-May-19,980.5,979.6,983.15,976.1,980.9,980.45,980.02,3787159,3711482425,8159,3479880,91.89
MINDTREE,EQ,10-May-19,980.45,980.4,982.9,973,974,975.35,977.55,215170,210339592.4,5128,26734,12.42
MINDTREE,EQ,13-May-19,975.35,973.4,983,970.3,981,979.1,980.16,485941,476299706.8,14005,222691,45.83
